{
  "ekf_vanilla": {
    "3d": {
      "10_03_0027": {
        "params": {
          "Qpos": 0.05300229175992017,
          "Qvel": 0.048705841721401175,
          "QorientXY": 1.533712544326884e-05,
          "QorientZ": 0.0360907947596603,
          "Qacc": 0.010845479809228974,
          "QgyrXY": 0.0017620167013210884,
          "QgyrZ": 0.0017301955236065513,
          "Rpos": 1.5928568351950545,
          "beta_acc": -3.3689951651125823e-07,
          "beta_gyr": -0.026860033168731864,
          "P_pos_std": 1.3040693755048134,
          "P_vel_std": 0.32869354838008935,
          "P_orient_std": 0.13525087588084422,
          "P_acc_std": 0.002211208470923001,
          "P_gyr_std": 0.00041013229962373783
        },
        "cost": 1836.0705085530265,
        "metadata": {
          "optimiser": "ins_genetic_fast",
          "maxiter": 10,
          "popsize": 8,
          "timestamp": "20260309_232053",
          "outage": {
            "start": 270,
            "duration": 70
          }
        }
      }
    },
    "2d": {
      "10_03_0027": {
        "params": {
          "Qpos": 0.9148445533524509,
          "Qvel": 58.32541968821367,
          "QorientXY": 3.223154825401249e-05,
          "QorientZ": 0.012352753230376103,
          "Qacc": 0.001581421322949882,
          "QgyrXY": 0.004090896635799974,
          "QgyrZ": 0.006014569120180673,
          "Rpos": 2.103698212769141,
          "beta_acc": -1.3630585203934593e-06,
          "beta_gyr": -0.7219894896871328,
          "P_pos_std": 8.26821141542338,
          "P_vel_std": 1.1560345771535432,
          "P_orient_std": 0.031034243719244417,
          "P_acc_std": 0.0019565122579317533,
          "P_gyr_std": 0.002122438822220525
        },
        "cost": 166.215425394541,
        "metadata": {
          "optimiser": "ins_genetic_fast",
          "maxiter": 10,
          "popsize": 8,
          "timestamp": "20260309_232053",
          "outage": {
            "start": 270,
            "duration": 70
          }
        }
      }
    }
  },
  "ekf_enhanced": {
    "3d": {
      "10_03_0027": {
        "params": {
          "Qpos": 1.1086776354638523,
          "Qvel": 94.95649514841506,
          "QorientXY": 0.00027151354578918015,
          "QorientZ": 1.666732856200993,
          "Qacc": 0.0010342225486793099,
          "QgyrXY": 0.0006442865791295289,
          "QgyrZ": 0.08402402784091086,
          "Rpos": 4.246247453268131,
          "beta_acc": -3.3969352613539757e-08,
          "beta_gyr": -0.6061088528717224,
          "P_pos_std": 0.4783055107393731,
          "P_vel_std": 0.15209207039209308,
          "P_orient_std": 0.05308414699173117,
          "P_acc_std": 0.00618958559063105,
          "P_gyr_std": 0.002895922174301537
        },
        "cost": 565.8017239743956,
        "metadata": {
          "optimiser": "ins_genetic_fast",
          "maxiter": 10,
          "popsize": 8,
          "timestamp": "20260309_232053",
          "outage": {
            "start": 270,
            "duration": 70
          }
        }
      }
    },
    "2d": {
      "10_03_0027": {
        "params": {
          "Qpos": 0.013153941595837321,
          "Qvel": 66.02663411625528,
          "QorientXY": 0.024446960011256003,
          "QorientZ": 0.02930481280984241,
          "Qacc": 0.0012999262398475813,
          "QgyrXY": 0.00016705139965962062,
          "QgyrZ": 0.07962332540554104,
          "Rpos": 34.90124465084171,
          "beta_acc": -1.8075833566600685e-07,
          "beta_gyr": -0.03041299811024392,
          "P_pos_std": 1.2176592653680227,
          "P_vel_std": 3.128044377137333,
          "P_orient_std": 0.07505925215276311,
          "P_acc_std": 0.002600574452485456,
          "P_gyr_std": 0.005505798885510529
        },
        "cost": 117.04298845017142,
        "metadata": {
          "optimiser": "ins_genetic_fast",
          "maxiter": 10,
          "popsize": 8,
          "timestamp": "20260309_232053",
          "outage": {
            "start": 270,
            "duration": 70
          }
        }
      }
    }
  },
  "eskf_vanilla": {
    "3d": {
      "10_03_0027": {
        "params": {
          "Qpos": 28.625317120978483,
          "Qvel": 0.19707983395192363,
          "QorientXY": 0.0002013049505048008,
          "QorientZ": 0.23995342202334616,
          "Qacc": 0.15397551428622927,
          "QgyrXY": 2.9059303525635677e-05,
          "QgyrZ": 0.22326847100683064,
          "Rpos": 0.17777204893943838,
          "beta_acc": -2.7434076626519064e-08,
          "beta_gyr": -0.07384272656953773,
          "P_pos_std": 7.391146037187959,
          "P_vel_std": 0.5900036397880567,
          "P_orient_std": 0.10094072630392395,
          "P_acc_std": 0.006833473957884004,
          "P_gyr_std": 0.0002455917280217033
        },
        "cost": 511.3062286788252,
        "metadata": {
          "optimiser": "ins_genetic_fast",
          "maxiter": 10,
          "popsize": 8,
          "timestamp": "20260309_232053",
          "outage": {
            "start": 270,
            "duration": 70
          }
        }
      }
    },
    "2d": {
      "10_03_0027": {
        "params": {
          "Qpos": 14.440875008986325,
          "Qvel": 94.40644227399453,
          "QorientXY": 0.0001265489547333308,
          "QorientZ": 0.022892198711923516,
          "Qacc": 0.8289996447628029,
          "QgyrXY": 5.581517285881904e-05,
          "QgyrZ": 0.011017127755807802,
          "Rpos": 5.638608994936842,
          "beta_acc": -8.832564255722395e-06,
          "beta_gyr": -6.399775502372863,
          "P_pos_std": 19.23833454185508,
          "P_vel_std": 1.0506843756332112,
          "P_orient_std": 0.01595582439529677,
          "P_acc_std": 0.04301992133060613,
          "P_gyr_std": 0.0002768926932347037
        },
        "cost": 158.44696410070222,
        "metadata": {
          "optimiser": "ins_genetic_fast",
          "maxiter": 10,
          "popsize": 8,
          "timestamp": "20260309_232053",
          "outage": {
            "start": 270,
            "duration": 70
          }
        }
      }
    }
  },
  "eskf_enhanced": {
    "3d": {
      "10_03_0027": {
        "params": {
          "Qpos": 0.28254387955301974,
          "Qvel": 5.582496480648575,
          "QorientXY": 0.03749101424317323,
          "QorientZ": 0.17622523544405075,
          "Qacc": 0.0234001268712115,
          "QgyrXY": 1.389067775393487e-05,
          "QgyrZ": 0.610126994484144,
          "Rpos": 4.233780663091093,
          "beta_acc": -4.032440621154322e-06,
          "beta_gyr": -2.2234515236554144,
          "P_pos_std": 25.32309003334396,
          "P_vel_std": 1.3697402873377924,
          "P_orient_std": 0.21726066544811545,
          "P_acc_std": 0.0015327128946392293,
          "P_gyr_std": 0.0003553165770518192
        },
        "cost": 74.88878516699191,
        "metadata": {
          "optimiser": "ins_genetic_fast",
          "maxiter": 10,
          "popsize": 8,
          "timestamp": "20260309_232053",
          "outage": {
            "start": 270,
            "duration": 70
          }
        }
      }
    },
    "2d": {
      "10_03_0027": {
        "params": {
          "Qpos": 0.31907185486837264,
          "Qvel": 1.9593162357982794,
          "QorientXY": 8.643429265584358e-05,
          "QorientZ": 0.03758975424923465,
          "Qacc": 0.0016822910106637388,
          "QgyrXY": 0.009744488386250928,
          "QgyrZ": 0.026946409021561462,
          "Rpos": 0.1645456636737485,
          "beta_acc": -6.535978634256287e-07,
          "beta_gyr": -3.378738913435667,
          "P_pos_std": 0.5252251991418394,
          "P_vel_std": 0.425354829836862,
          "P_orient_std": 0.17895091390858786,
          "P_acc_std": 0.01353173901772919,
          "P_gyr_std": 0.008677881928054111
        },
        "cost": 78.33446276650209,
        "metadata": {
          "optimiser": "ins_genetic_fast",
          "maxiter": 10,
          "popsize": 8,